,Last Recipe,Number of Recipes: 60,,,,,,,,,,,
,,,,,,,,,,,,,
Category,Rating,Recipes,Ingredients,Serving Size,Unit,"Database
Units",Calories,Fat,Carbs,Protein,Fiber,Cost,Comments
Dinner,,Chicken and Mushrooms in a Galic White Wine Sauce,,4,Whole,,424.8,19.0,39.4,20.1,1.0,$4.93,https://www.copymethat.com/r/F7ohSAnUF/chicken-and-mushrooms-in-a-garlic-white-/
,,,"Chicken, Breasts, Raw, Fat Removed",16,Gram,Gram,17.6,0.2,0.0,3.7,0.0,$0.12,
,,,Butter,2,Teaspoon,Milliliter,67.0,7.9,0.0,0.0,0.0,$0.06,
,,,"Oils, Olive",2,Teaspoon,Milliliter,79.5,9.2,0.0,0.0,0.0,$0.19,
,,,"Wheat flour, all purpose",0.25,Cup,Milliliter,113.6,0.5,23.7,3.3,0.9,$0.03,
,,,"Garlic, Clove",3,Whole,Whole,13.5,0.0,3.0,0.6,0.0,$0.30,
,,,"Wine, table, white",0.25,Cup,Milliliter,40.2,0.0,0.5,0.0,0.0,$0.32,
,,,"Chicken broth, Condensed, prepared with water",0.3,Cup,Milliliter,11.6,0.3,0.3,1.4,0.0,$0.03,
,,,"Spice, Salt",0.125,Teaspoon,Teaspoon,0.0,0.0,0.0,0.0,0.0,$0.00,
,,,"Spice, Pepper",0.125,Teaspoon,Teaspoon,0.0,0.0,0.0,0.0,0.0,$0.01,
,,,"Parsley, Fresh",0.25,Cup,Tablespoon,4.0,0.0,0.8,0.4,0.0,$0.12,
,,,"Mushroom, Raw, Weight",12,Ounce (wt),Gram,77.8,1.0,11.2,10.7,0.0,$3.74,
,,,,,,,,,,,,,
,,,,,,,,,,,,,
Dinner,,Chicken Carbonara,,6,Whole,,5673.8,348.9,205.2,361.6,232.3,$21.59,https://www.copymethat.com/r/4gSctbsTd/chicken-carbonara/
,,,"Oils, Olive",2,Teaspoon,Milliliter,79.5,9.2,0.0,0.0,0.0,$0.19,
,,,"Pancetta, Boar's Head",4,Ounce (wt),Ounce (wt),440.0,36.0,4.0,16.0,0.0,$5.00,
,,,"Garlic, Minced",2,Teaspoon,Teaspoon,8.4,0.0,1.8,0.4,0.0,$0.14,
,,,"Whipping cream, 35% M.F., not whipped",2.5,Cup,Milliliter,1971.6,197.2,39.4,0.0,197.2,$3.15,
,,,"Cheese, Parmesan, grated",1,Cup,Milliliter,425.9,17.3,0.0,31.5,31.5,$1.42,
,,,"Egg, Raw",8,Whole,Whole,576.0,38.4,3.2,48.0,0.0,$0.96,
,,,"Basil, Fresh",0.25,Cup,Tablespoon,2.0,0.0,0.2,0.4,0.2,$0.84,
,,,"Spice, Italian Seasoning",0.25,Cup,Tablespoon,60.0,2.0,13.6,2.4,0.0,$0.28,
,,,"Spice, Salt",0.125,Teaspoon,Teaspoon,0.0,0.0,0.0,0.0,0.0,$0.00,
,,,"Noodles, Spaghetti",1,Pound,Gram,680.4,2.9,136.1,24.0,0.0,$1.00,
,,,"Chicken, Breasts, Raw, Fat Removed",1000,Gram,Gram,1100.0,12.4,0.0,230.9,0.0,$7.70,
,,,"Spice, Pepper",0.125,Teaspoon,Teaspoon,0.0,0.0,0.0,0.0,0.0,$0.01,
,,,"Walnuts, dried",0.5,Cup,Milliliter,327.3,33.5,5.9,7.9,3.4,$0.00,
,,,"Zest, Lemon",1,Tablespoon,Tablespoon,2.8,0.0,1.0,0.1,0.0,$0.89,
,,,,,,,,,,,,,
,,,,,,,,,,,,,
Drinks,,Greens N' Ginger Smoothie,,1,Whole,,167.8,0.3,42.0,4.0,5.0,$2.54,https://www.copymethat.com/r/QEHJ8OeGl/mango-ginger-kale-green-smoothie/
,,,"Kale, chopped, boiled, drained",1,Cup,Milliliter,36.0,0.0,7.6,1.9,2.6,$0.11,
,,,"Mango, Frozen",0.5,Cup,Cup,45.0,0.0,10.5,0.5,1.0,$0.62,
,,,"Peaches, Frozen",0.5,Cup,Cup,33.3,0.0,8.7,0.7,1.3,$0.82,
,,,"Ginger, Fresh",0.5,Tablespoon,Teaspoon,2.4,0.0,0.6,0.0,0.0,$0.03,
,,,"Lemon, Whole",1,Whole,Whole,24.0,0.3,7.8,0.9,0.0,$0.89,
,,,Maple syrup,0.5,Tablespoon,Milliliter,27.1,0.0,6.9,0.0,0.0,$0.07,
,,,,,,,,,,,,,
,,,,,,,,,,,,,
Drinks,,Wake me up Coffee Smoothie,,1,Whole,,270.6,5.8,48.4,9.5,2.9,$0.78,https://www.copymethat.com/r/LAiGqhKBe/wake-me-up-coffee-smoothie-with-oats-and/
,,,Banana,1,Whole,1,105.0,0.0,27.0,1.0,2.1,$0.23,
,,,"Coffee, brewed",0.5,Cup,Milliliter,1.4,0.0,0.0,0.0,0.0,$0.10,
,,,"Milk, skim",0.5,Cup,Milliliter,41.6,0.1,6.2,4.3,0.0,$0.09,
,,,"Oatmeal, Quaker Oats, Old Fashion",0.25,Cup,Cup,75.0,1.5,13.5,2.5,0.0,$0.24,
,,,Almond butter,8,Gram,Gram,47.5,4.3,1.8,1.8,0.8,$0.12,
,,,,,,,,,,,,,
,,,,,,,,,,,,,
Drinks,,Green Tea Matcha Smoothie,,1,Whole,,239.8,10.6,27.8,10.9,2.7,$2.14,https://www.copymethat.com/r/Vkdg0GDRK/green-tea-matcha-smoothie/
,,,"Milk, Almond, Vanilla, Unsweetened",0.5,Cup,Milliliter,14.8,1.2,0.5,0.5,0.0,$0.19,
,,,"Yogurt, Greek, Plain, Nonfat, Kroger, Volume",0.25,Cup,Cup,30.0,0.0,4.3,3.3,0.0,$0.13,
,,,"Spinach, chopped, raw",0.5,Cup,Milliliter,3.3,0.0,0.5,0.5,0.3,$0.17,
,,,"Kale, chopped, boiled, drained",0.5,Cup,Milliliter,18.0,0.0,3.8,0.9,1.3,$0.06,
,,,Banana,0.5,Whole,1,52.5,0.0,13.5,0.5,1.1,$0.12,
,,,"Almonds, Sliced",0.125,Cup,Cup,106.3,9.4,3.8,3.8,0.0,$0.08,
,,,Matcha Green Tea Powder,0.5,Tablespoon,Teaspoon,15.0,0.0,1.5,1.5,0.0,$1.41,
,,,,,,,,,,,,,
,,,,,,,,,,,,,
Drinks,,Chocolate Coffee Protein Smoothie,,1,Whole,,107.8,0.3,16.1,20.2,0.0,$0.86,https://www.copymethat.com/r/7ZQnizKwl/low-carb-chocolate-coffee-protein-shake/
,,,"Egg White, Uncooked, Weight",186,Gram,Gram,101.1,0.0,0.0,20.2,0.0,$0.77,
,,,"Coffee, instant, regular, powder + water",0.5,Teaspoon,Milliliter,0.0,0.0,0.0,0.0,0.0,$0.00,
,,,"Cocoa Powder, Unsweetend, Hershey's",3.333333333,Gram,Gram,6.7,0.3,2.0,0.0,0.0,$0.06,
,,,Stevia,1,Tablespoon,Teaspoon,0.0,0.0,14.1,0.0,0.0,$0.03,
,,,,,,,,,,,,,
,,,,,,,,,,,,,
Drinks,,Dalgona Matcha Latte,,1,Whole,,165.9,0.2,19.2,19.3,0.0,$1.50,https://www.copymethat.com/r/vyLcpoRGq/dalgona-matcha-latte/
,,,"Egg White, Uncooked, Weight",90,Gram,Gram,48.9,0.0,0.0,9.8,0.0,$0.37,
,,,White sugar (granulated),0.5,Tablespoon,Milliliter,23.7,0.0,5.9,0.0,0.0,$0.01,
,,,Matcha Green Tea Powder,1,Teaspoon,Teaspoon,10.0,0.0,1.0,1.0,0.0,$0.94,
,,,"Milk, skim",1,Cup,Milliliter,83.3,0.2,12.3,8.5,0.0,$0.17,
,,,,,,,,,,,,,
,,,,,,,,,,,,,
Lunch,,Best Ever Chesesteak,,4,Whole,,4543.5,279.3,166.1,302.3,41.0,$7.31,https://www.copymethat.com/r/Mz9qq71Y8/best-ever-cheesesteak/
,,,"Hoagie Roll, 8""",4,Whole,Whole,800.0,14.0,144.0,24.0,0.0,$2.33,
,,,Butter,4,Tablespoon,Milliliter,402.2,47.3,0.0,0.0,0.0,$0.35,
,,,"Pepper, sweet, green, raw",1,Whole,1/2,32.0,0.0,8.0,2.0,2.4,$0.69,
,,,"Mushroom, Raw, Weight",8,Ounce (wt),Gram,51.8,0.6,7.5,7.1,0.0,$2.49,
,,,"Beef, Rib eye steak, lean + fat, broiled",2,Pound,Gram,2782.0,193.5,0.0,241.9,0.0,$0.00,
,,,Worcestershire Sauce,4,Teaspoon,Tablespoon,17.3,0.0,4.4,0.0,0.0,$0.24,
,,,"Cheese, Cheddar",4,Ounce (wt),Gram,458.1,23.8,2.3,27.2,38.6,$1.20,
,,,,,,,,,,,,,
,,,,,,,,,,,,,
Breakfast,,Turkey & Veggie Omelette Rolls,,2,Whole,,360.5,16.0,4.9,41.8,7.4,$3.21,https://www.copymethat.com/r/3i2f6ITYZ/turkey-veggie-omelette-rolls/
,,,"Egg, Raw",1,Whole,Whole,72.0,4.8,0.4,6.0,0.0,$0.12,
,,,"Egg White, Uncooked, Volume",0.5,Cup,Tablespoon,66.7,0.0,0.0,13.3,0.0,$0.51,
,,,"Turkey, Ground, 93%/7%, Raw",3,Ounce (wt),Ounce (wt),127.5,7.1,0.0,15.9,0.0,$0.84,
,,,"Spinach, chopped, raw",0.5,Cup,Milliliter,3.3,0.0,0.5,0.5,0.3,$0.17,
,,,"Pepper, sweet, red, raw",0.5,Whole,1/2,15.0,0.0,4.0,1.0,0.8,$0.75,
,,,"Cheese, Goat cheese, soft",1,Ounce (wt),Gram,76.0,4.1,0.0,5.1,6.2,$0.83,
,,,,,,,,,,,,,
,,,,,,,,,,,,,
Lunch,,Mushroom Chicken Melts,,1,Whole,,367.8,6.5,6.7,54.4,8.0,$3.68,https://www.copymethat.com/r/PhPqrR98D/hi-protein-low-carb-mushroom-chicken-mel/
,,,"Chicken, Breasts, Raw, Fat Removed",6,Ounce (wt),Gram,187.1,2.1,0.0,39.3,0.0,$1.31,
,,,"Cheese, Mozzarella, partially skimmed (16.5% M.F.)",1.5,Ounce (wt),Gram,108.0,4.4,0.9,11.1,6.8,$0.45,
,,,"Mushrooms, raw",6,Whole,3 medium,24.0,0.0,4.0,4.0,1.2,$1.54,
,,,Cilantro,0.33,Cup,Cup,1.0,0.0,0.1,0.1,0.0,$0.02,
,,,"Mustard, Dijon, French's",2,Tablespoon,Teaspoon,30.0,0.0,0.0,0.0,0.0,$0.06,
,,,Garlic Paste,0.25,Ounce (wt),Gram,17.7,0.0,1.8,0.0,0.0,$0.28,
,,,"Spice, Salt",0.125,Teaspoon,Teaspoon,0.0,0.0,0.0,0.0,0.0,$0.00,
,,,"Spice, Pepper",0.125,Teaspoon,Teaspoon,0.0,0.0,0.0,0.0,0.0,$0.01,
,,,"Spice, Lemoon Pepper Seasoning",0.5,Tablespoon,Tablespoon,0.0,0.0,0.0,0.0,0.0,$0.00,
,,,,,,,,,,,,,
,,,,,,,,,,,,,
Dinner,,Buffalo Ranch Chicken Dip,,12,Whole,,1681.5,107.5,38.4,137.6,80.0,$10.02,https://www.copymethat.com/r/XazhSjaiS/buffalo-ranch-chicken-dip/
,,,"Chicken, Breasts, Raw, Fat Removed",1,Pound,Gram,499.0,5.6,0.0,104.7,0.0,$3.49,
,,,"Cheese, Cream cheese, regular",8,"Ounce, Fluid","Ounce, Fluid",800.0,80.0,8.0,16.0,80.0,$2.48,
,,,"Chili Sauce, Sriracha",0.5,Cup,Teaspoon,144.0,2.4,28.8,2.4,0.0,$0.48,
,,,"Ranch, Seasoning Packet, Hidden Valley",3,Tablespoon,Teaspoon,0.0,0.0,0.0,0.0,0.0,$1.08,
,,,"Cheese, Blue, Volume",0.5,Cup,Cup,238.5,19.5,1.6,14.5,0.0,$2.49,
,,,,,,,,,,,,,
,,,,,,,,,,,,,
Lunch,,Healthy Sriracha Shredded Chicken Tacos,,6,Whole,,531.2,9.8,67.7,49.9,11.1,$3.77,https://www.copymethat.com/r/LaDaoHINz/healthy-sriracha-shredded-chicken-tacos/
,,,"Chicken, Breasts, Raw, Fat Removed",6,Ounce (wt),Gram,187.1,2.1,0.0,39.3,0.0,$1.31,
,,,"Chili Sauce, Sriracha",2,Tablespoon,Teaspoon,36.0,0.6,7.2,0.6,0.0,$0.12,
,,,"Tortilla, corn (15cm diam)",6,Whole,1,246.0,6.0,48.0,6.0,7.2,$0.44,
,,,"Cabbage, red, shredded, raw",1,Cup,Milliliter,20.8,0.0,5.7,1.9,1.5,$0.40,
,,,"Pepper, sweet, red, raw",0.5,Whole,1/2,15.0,0.0,4.0,1.0,0.8,$0.75,
,,,"Cheese, Feta",0.25,Ounce (wt),Gram,18.7,1.1,0.3,1.0,1.6,$0.16,
,,,"Lime, Juiced",1,Whole,Whole,7.6,0.0,2.5,0.1,0.0,$0.60,
,,,,,,,,,,,,,
,,,,,,,,,,,,,
Dinner,,30 Minute Thai Peanut Chicken Ramen,,6,Whole,,2900.3,171.4,211.7,154.4,13.4,$15.54,https://www.copymethat.com/r/HN1szH6YH/30-minute-thai-peanut-chicken-ramen/
,,,"Chicken broth, Condensed, prepared with water",4,Cup,Milliliter,155.2,3.8,3.8,18.9,0.0,$0.45,
,,,"Coconut Milk, Volume",14,"Ounce, Fluid",Tablespoon,952.0,100.8,22.4,8.4,0.0,$1.68,
,,,"Sauce, soy",0.25,Cup,Milliliter,27.6,0.0,3.9,0.0,0.0,$0.47,
,,,Fish Sauce,2,Tablespoon,Tablespoon,12.6,0.0,1.4,1.8,0.0,$0.54,
,,,Honey,2,Tablespoon,Milliliter,130.1,0.0,35.5,0.0,0.0,$0.30,
,,,"Peanut butter, natural",0.333,Cup,Milliliter,483.2,42.0,18.4,18.4,6.6,$0.58,
,,,"Curry, Red, Paste",0.25,Cup,Tablespoon,72.0,0.4,16.0,2.4,0.0,$1.92,
,,,"Chicken, Breasts, Raw, Fat Removed",0.75,Pound,Gram,374.2,4.2,0.0,78.6,0.0,$2.62,
,,,"Mushroom, Raw, Weight",8,Ounce (wt),Gram,51.8,0.6,7.5,7.1,0.0,$2.49,
,,,"Pepper, sweet, red, raw",2,Whole,1/2,60.0,0.0,16.0,4.0,3.2,$2.98,
,,,"Ginger, Fresh",1.1,Tablespoon,Teaspoon,5.3,0.0,1.3,0.0,0.0,$0.07,
,,,"Garlic, Clove",1,Whole,Whole,4.5,0.0,1.0,0.2,0.0,$0.10,
,,,"Ramen noodles, chicken flavour, dry",1.5,Whole,1 package,556.5,19.5,81.0,13.5,3.0,$0.38,
,,,"Lime, Juiced",1,Whole,Whole,7.6,0.0,2.5,0.1,0.0,$0.60,
,,,"Spinach, chopped, raw",1,Cup,Milliliter,6.6,0.0,0.9,0.9,0.7,$0.34,
,,,Cilantro,0.333,Cup,Cup,1.0,0.0,0.1,0.1,0.0,$0.02,
,,,,,,,,,,,,,
,,,,,,,,,,,,,
Dinner,,Creamed Feta Garlc Herb Butter Salmon,,4,Whole,,2137.7,177.0,39.3,111.3,5.6,$3.83,https://www.copymethat.com/r/HdgaDdPja/creamed-feta-garlic-herb-butter-salmon/
,,,"Salmon, Atlantic, Raw",1,Pound,Ounce (wt),828.0,49.2,0.0,90.0,0.0,$0.00,
,,,"Spice, Salt",0.125,Teaspoon,Teaspoon,0.0,0.0,0.0,0.0,0.0,$0.00,
,,,"Spice, Pepper",0.125,Teaspoon,Teaspoon,0.0,0.0,0.0,0.0,0.0,$0.01,
,,,"Oils, Olive",2,Tablespoon,Milliliter,238.6,27.6,0.0,0.0,0.0,$0.56,
,,,Butter,2,Tablespoon,Milliliter,201.1,23.7,0.0,0.0,0.0,$0.18,
,,,"Zucchini, Raw, Whole",1,Whole,Whole,33.0,0.6,6.0,2.4,2.0,$0.75,
,,,Shallot,2,Tablespoon,Tablespoon,14.0,0.0,3.4,0.6,0.6,$0.06,
,,,"Garlic, Clove",3,Whole,Whole,13.5,0.0,3.0,0.6,0.0,$0.30,
,,,"Spice, Thyme",1,Teaspoon,Teaspoon,0.8,0.0,0.2,0.0,0.0,$0.12,
,,,Red Pepper Flakes,0.125,Teaspoon,Teaspoon,0.7,0.0,0.1,0.0,0.0,$0.01,
,,,"Coconut Milk, Volume",1,Cup,Tablespoon,544.0,57.6,12.8,4.8,0.0,$0.96,
,,,"Cheese, Feta, Volume",0.75,Cup,Cup,240.0,18.0,6.0,12.0,3.0,$0.00,
,,,"Lemon, Whole",1,Whole,Whole,24.0,0.3,7.8,0.9,0.0,$0.89,
,,,,,,,,,,,,,
,,,,,,,,,,,,,
Dinner,,Easy Chicken Potstickers with Soy Dipping Sauce,,25,Whole,,1220.8,14.8,126.6,124.2,5.1,$5.49,https://www.copymethat.com/r/LmkdyjeZy/easy-chicken-potstickers-with-soy-dippin/
,,,"Sauce, soy",0.625,Cup,Milliliter,69.0,0.0,9.9,0.0,0.0,$1.18,
,,,Rice Wine Vinegar,1,Teaspoon,Tablespoon,0.9,0.0,0.0,0.0,0.0,$0.04,
,,,"Oils, Sesame",1.5,Teaspoon,Milliliter,60.1,6.9,0.0,0.0,0.0,$0.16,
,,,White sugar (granulated),1,Tablespoon,Milliliter,47.3,0.0,11.8,0.0,0.0,$0.03,
,,,"Onions, green (scallion), raw",5,Whole,1 medium,25.0,0.0,5.0,0.0,2.0,$0.36,
,,,Red Pepper Flakes,0.5,Teaspoon,Teaspoon,2.9,0.2,0.5,0.1,0.0,$0.02,
,,,Sesame Seeds,0.25,Teaspoon,"Ounce, Fluid",6.7,0.6,0.3,0.2,0.0,$0.04,
,,,"Chicken, Breasts, Raw, Fat Removed",1,Pound,Gram,499.0,5.6,0.0,104.7,0.0,$3.49,
,,,"Garlic, Minced",2,Teaspoon,Teaspoon,8.4,0.0,1.8,0.4,0.0,$0.14,
,,,"Ginger, Fresh",1,Teaspoon,Teaspoon,1.6,0.0,0.4,0.0,0.0,$0.02,
,,,"Wonton Wrapper, Nasoya Foods",25,Whole,Whole,500.0,1.6,96.9,18.8,3.1,$0.00,
,,,,,,,,,,,,,
,,,,,,,,,,,,,
Dinner,,Mushroom-Stuffed Chicken Breast,,2,Whole,,1064.8,54.5,12.2,117.2,20.0,$6.80,https://www.copymethat.com/r/wiQzWEWg4/mushroom-stuffed-chicken-breast/
,,,"Chicken, Breasts, Raw, Fat Removed",14,Ounce (wt),Gram,436.6,4.9,0.0,91.6,0.0,$3.06,
,,,"Spice, Salt",0.75,Teaspoon,Teaspoon,0.0,0.0,0.0,0.0,0.0,$0.00,
,,,"Spice, Pepper",0.25,Teaspoon,Teaspoon,0.0,0.0,0.0,0.0,0.0,$0.03,
,,,Butter,2,Tablespoon,Milliliter,201.1,23.7,0.0,0.0,0.0,$0.18,
,,,"Mushroom, Raw, Weight",7,Ounce (wt),Gram,45.4,0.6,6.5,6.2,0.0,$2.18,
,,,"Garlic, Clove",2,Whole,Whole,9.0,0.0,2.0,0.4,0.0,$0.20,
,,,"Spice, Thyme",0.5,Teaspoon,Teaspoon,0.4,0.0,0.1,0.0,0.0,$0.06,
,,,"Spinach, chopped, raw",2,Cup,Milliliter,13.2,0.0,1.9,1.9,1.3,$0.68,
,,,"Cheese, Mozzarella (22.5% M.F.)",3,Ounce (wt),Gram,239.8,11.6,1.7,17.0,18.7,$0.14,
,,,"Oils, Olive",1,Tablespoon,Milliliter,119.3,13.8,0.0,0.0,0.0,$0.28,
,,,,,,,,,,,,,
,,,,,,,,,,,,,
Dinner,,Vietnamese Pork Cops (Sous Vide),,4,Whole,,1916.2,113.6,71.5,169.8,0.0,$2.57,https://www.copymethat.com/r/mtAMJPZDW/vietnamese-pork-chops-sous-vide/
,,,"Pork, Bone-In, Center Cut Chops",2,Pound,Ounce (wt),1280.0,72.0,0.0,168.0,0.0,$0.00,
,,,"Spice, Salt",0.125,Teaspoon,Teaspoon,0.0,0.0,0.0,0.0,0.0,$0.00,
,,,"Spice, Pepper",0.125,Teaspoon,Teaspoon,0.0,0.0,0.0,0.0,0.0,$0.01,
,,,"Spice, Garlic Powder",0.125,Teaspoon,Teaspoon,4.0,0.0,0.9,0.2,0.0,$0.01,
,,,"Oils, Olive",3,Tablespoon,Milliliter,357.8,41.4,0.0,0.0,0.0,$0.83,
,,,"Sauce, soy",0.25,Cup,Milliliter,27.6,0.0,3.9,0.0,0.0,$0.47,
,,,Brown sugar,0.25,Cup,Milliliter,212.9,0.0,59.1,0.0,0.0,$0.15,
,,,Fish Sauce,1,Tablespoon,Tablespoon,6.3,0.0,0.7,0.9,0.0,$0.27,
,,,"Ginger, Fresh",2,Teaspoon,Teaspoon,3.2,0.0,0.8,0.0,0.0,$0.04,
,,,Red Pepper Flakes,0.5,Teaspoon,Teaspoon,2.9,0.2,0.5,0.1,0.0,$0.02,
,,,Cilantro,2,Tablespoon,Cup,0.4,0.0,0.0,0.0,0.0,$0.01,
,,,"Lime, Juiced",1,Whole,Whole,7.6,0.0,2.5,0.1,0.0,$0.60,
,,,"Garlic, Minced",2,Teaspoon,Teaspoon,8.4,0.0,1.8,0.4,0.0,$0.14,
,,,Corn Starch,0.5,Teaspoon,Cup,5.1,0.0,1.2,0.0,0.0,$0.01,
,,,,,,,,,,,,,
,,,,,,,,,,,,,
Dinner,,Sous Vide Beef Wellington,,6,Whole,,2360.6,127.4,95.4,193.5,3.7,$0.58,https://www.copymethat.com/r/xKtWvjO03/sous-vide-beef-wellington/
,,,"Beef, Tenderloin, steak, lean + fat, broiled",1,Pound,Gram,1028.1,42.3,0.0,145.1,0.0,$0.00,
,,,"Spice, Salt",0.125,Teaspoon,Teaspoon,0.0,0.0,0.0,0.0,0.0,$0.00,
,,,"Spice, Pepper",0.125,Teaspoon,Teaspoon,0.0,0.0,0.0,0.0,0.0,$0.01,
,,,"Mustard, Dijon, French's",2,Tablespoon,Teaspoon,30.0,0.0,0.0,0.0,0.0,$0.06,
,,,"Puff Pastry, Sheet, Pepperidge Farm",1,Whole,Whole,900.0,60.0,78.0,12.0,0.0,$0.00,
,,,"Mushroom, Crimini, Weight",8,Ounce (wt),Gram,50.4,1.3,7.6,7.6,2.5,$0.00,
,,,Shallot,0.25,Cup,Tablespoon,28.0,0.0,6.8,1.2,1.2,$0.12,
,,,"Garlic, Clove",3,Whole,Whole,13.5,0.0,3.0,0.6,0.0,$0.30,
,,,Butter,1,Tablespoon,Milliliter,100.6,11.8,0.0,0.0,0.0,$0.09,
,,,"Prosciutto Di Parma, Boar's Head, Slices",6,Whole,Whole,210.0,12.0,0.0,27.0,0.0,$0.00,
,,,,,,,,,,,,,
,,,,,,,,,,,,,
Dinner,,Stuffed Chicken Breast with Mushroom and Ham,,4,Whole,,2083.2,89.7,17.0,219.6,90.6,$7.58,https://www.copymethat.com/r/TBbqLflpE/stuffed-chicken-breast-with-mushroom-and/
,,,"Chicken, Breasts, Raw, Fat Removed",1,Pound,Gram,499.0,5.6,0.0,104.7,0.0,$3.49,
,,,"Mushroom, Raw, Weight",7,Ounce (wt),Gram,45.4,0.6,6.5,6.2,0.0,$2.18,
,,,Butter,2,Tablespoon,Milliliter,201.1,23.7,0.0,0.0,0.0,$0.18,
,,,"Deli meat, ham, extra lean (5% fat)",4,Whole,2 slices,124.0,4.0,2.0,20.0,0.0,$0.00,
,,,"Spice, Oregano",1,Teaspoon,Teaspoon,2.7,0.0,0.7,0.1,0.0,$0.36,
,,,"Cheese, Parmesan, grated",8,Tablespoon,Milliliter,212.9,8.7,0.0,15.8,15.8,$0.71,
,,,"Cheese, Mozzarella (22.5% M.F.)",12,Ounce (wt),Gram,959.3,46.3,6.8,68.0,74.8,$0.54,
,,,"Chicken broth, Condensed, prepared with water",1,Cup,Milliliter,38.8,0.9,0.9,4.7,0.0,$0.11,
,,,,,,,,,,,,,
,,,,,,,,,,,,,
Lunch,,Italian Twisted Fried Chicken Burger,,4,Whole,,3307.2,124.7,372.4,166.5,18.4,$12.25,https://www.copymethat.com/r/1eYLSqwLd/italian-twisted-fried-chicken-burger/
,,,"Chicken, Breasts, Raw, Fat Removed",1,Pound,Gram,499.0,5.6,0.0,104.7,0.0,$3.49,
,,,"Spice, Onion Powder",2,Teaspoon,Teaspoon,16.4,0.0,3.8,0.6,0.0,$0.30,
,,,"Spice, Garlic Powder",1,Teaspoon,Teaspoon,32.0,0.1,7.0,1.6,0.0,$0.10,
,,,"Spice, Smoked Paprika",1,Tablespoon,Teaspoon,0.0,0.0,0.0,0.0,0.0,$1.29,
,,,"Spice, White Pepper",0.25,Teaspoon,Teaspoon,0.0,0.0,0.0,0.0,0.0,$0.06,
,,,Baking Powder,1,Teaspoon,Teaspoon,2.0,0.0,1.3,0.0,0.0,$0.03,
,,,"Spice, Salt",1,Teaspoon,Teaspoon,0.0,0.0,0.0,0.0,0.0,$0.00,
,,,Brown sugar,1,Teaspoon,Milliliter,17.7,0.0,4.9,0.0,0.0,$0.01,
,,,"Spice, Oregano",1,Tablespoon,Teaspoon,8.1,0.0,2.1,0.3,0.0,$1.08,
,,,Buttermilk,1,Cup,Milliliter,98.4,1.3,11.4,8.5,1.9,$0.44,
,,,"Egg White, Uncooked, Volume",2,Tablespoon,Tablespoon,16.7,0.0,0.0,3.3,0.0,$0.13,
,,,Bay Leaf,1,Whole,Whole,0.0,0.0,0.0,0.0,0.0,$0.10,
,,,"Wheat flour, all purpose",1,Cup,Milliliter,454.2,1.9,94.6,13.2,3.8,$0.13,
,,,"Corn Flour, Bob's Red Mill, Volume",0.75,Cup,Cup,360.0,3.0,72.0,6.0,9.0,$0.00,
,,,"Salad Dressings, Mayonnaise",0.5,Cup,Milliliter,788.6,86.7,7.9,0.0,0.0,$0.55,
,,,Pesto,4,Tablespoon,Cup,242.5,24.0,3.5,5.2,0.0,$1.25,
,,,Ciabatta Roll,4,Whole,Whole,720.0,2.0,152.0,20.0,0.0,$2.29,
,,,"Lettuce, iceberg, shredded",1,Cup,Milliliter,7.6,0.0,1.9,0.9,0.7,$0.00,
,,,"Tomatoes, raw",2,Whole,1,44.0,0.0,10.0,2.0,3.0,$1.00,
,,,,,,,,,,,,,
,,,,,,,,,,,,,
Dinner,,Garlic and Oregano Chicken,,4,Whole,,1907.7,140.9,38.9,121.7,82.1,$12.94,https://www.copymethat.com/r/65272HlTU/garlic-and-oregano-chicken/
,,,"Chicken, Breasts, Raw, Fat Removed",1,Pound,Gram,499.0,5.6,0.0,104.7,0.0,$3.49,
,,,"Spice, Smoked Paprika",1,Tablespoon,Teaspoon,0.0,0.0,0.0,0.0,0.0,$1.29,
,,,"Chicken broth, Condensed, prepared with water",1,Cup,Milliliter,38.8,0.9,0.9,4.7,0.0,$0.11,
,,,"Lemon, Whole",1,Whole,Whole,24.0,0.3,7.8,0.9,0.0,$0.89,
,,,"Garlic, Clove",3,Whole,Whole,13.5,0.0,3.0,0.6,0.0,$0.30,
,,,"Whipping cream, 35% M.F., not whipped",1,Cup,Milliliter,788.6,78.9,15.8,0.0,78.9,$1.26,
,,,"Spice, Oregano",1,Teaspoon,Teaspoon,2.7,0.0,0.7,0.1,0.0,$0.36,
,,,"Mushrooms, raw",16,Whole,3 medium,64.0,0.0,10.7,10.7,3.2,$4.11,
,,,"Oils, Olive",4,Tablespoon,Milliliter,477.1,55.2,0.0,0.0,0.0,$1.11,
,,,"Spice, Salt",0.125,Teaspoon,Teaspoon,0.0,0.0,0.0,0.0,0.0,$0.00,
,,,"Spice, Pepper",0.125,Teaspoon,Teaspoon,0.0,0.0,0.0,0.0,0.0,$0.01,
,,,,,,,,,,,,,
,,,,,,,,,,,,,
Dinner,,Chicken Chow Mein,,4,Whole,,2442.0,116.5,284.5,119.3,16.4,$5.68,https://www.copymethat.com/r/erzQUMF2H/chicken-chow-mein/
,,,"Chicken, Thigh, Skinless, Boneless",8,Ounce (wt),Gram,372.6,17.6,0.0,54.7,0.0,$1.50,
,,,"Noodles, Egg, Uncooked, Weight",12,Ounce (wt),Gram,1298.9,15.5,241.2,49.5,12.4,$0.00,
,,,"Pepper, sweet, red, raw",0.5,Whole,1/2,15.0,0.0,4.0,1.0,0.8,$0.75,
,,,"Broccoli, chopped, raw",1,Cup,Milliliter,30.3,0.0,5.7,1.9,2.1,$0.23,
,,,"Onions, yellow, chopped, raw",0.5,Cup,Milliliter,33.5,0.0,7.9,0.0,1.2,$0.32,
,,,Bean Sprouts,1,Cup,Cup,31.0,19.0,0.0,12.0,0.0,$1.02,
,,,"Oils, Olive",4,Tablespoon,Milliliter,477.1,55.2,0.0,0.0,0.0,$1.11,
,,,"Sauce, soy",2,Tablespoon,Milliliter,13.8,0.0,2.0,0.0,0.0,$0.24,
,,,"Oils, Sesame",2,Teaspoon,Milliliter,80.2,9.2,0.0,0.0,0.0,$0.22,
,,,Honey,1,Tablespoon,Milliliter,65.1,0.0,17.7,0.0,0.0,$0.15,
,,,"Spice, White Pepper",0.25,Teaspoon,Teaspoon,0.0,0.0,0.0,0.0,0.0,$0.06,
,,,"Oyster Sauce, Lee Kum Kee Pnada",1,Tablespoon,Tablespoon,20.0,0.0,5.0,0.0,0.0,$0.00,
,,,"Garlic, Clove",1,Whole,Whole,4.5,0.0,1.0,0.2,0.0,$0.10,
,,,,,,,,,,,,,
,,,,,,,,,,,,,
Dinner,,Garlic and Herb Chicken,,2,Whole,,894.3,73.3,11.9,56.8,0.0,$4.28,https://www.copymethat.com/r/Fr8HSsw4d/garlic-and-herb-chicken/
,,,"Chicken, Thigh, Skinless, Boneless",8,Ounce (wt),Gram,372.6,17.6,0.0,54.7,0.0,$1.50,
,,,"Sage, Dried",0.5,Teaspoon,Teaspoon,1.0,0.0,0.0,0.0,0.0,$0.11,
,,,"Spice, Rosemary",1,Teaspoon,Teaspoon,4.0,0.2,0.8,0.1,0.0,$0.16,
,,,"Spice, Thyme",1,Teaspoon,Teaspoon,0.8,0.0,0.2,0.0,0.0,$0.12,
,,,"Garlic, Clove",1.5,Whole,Whole,6.8,0.0,1.5,0.3,0.0,$0.15,
,,,"Parsley, Fresh",0.5,Cup,Tablespoon,8.0,0.0,1.6,0.8,0.0,$0.24,
,,,"Lemon, Whole",1,Whole,Whole,24.0,0.3,7.8,0.9,0.0,$0.89,
,,,"Oils, Olive",0.25,Cup,Milliliter,477.1,55.2,0.0,0.0,0.0,$1.11,
,,,,,,,,,,,,,
,,,,,,,,,,,,,
Snack,,Soft Buttery Naan Bread,,6,Whole,,1902.4,31.8,326.3,72.4,18.0,$1.09,https://www.copymethat.com/r/mY32RYjhk/soft-buttery-naan-bread/
,,,"Wheat flour, all purpose",3.125,Cup,Milliliter,1419.5,5.9,295.7,41.4,11.8,$0.41,
,,,"Milk, whole, 3.3% M.F.",150,Milliliter,Milliliter,93.0,3.2,7.2,4.8,4.8,$0.11,
,,,White sugar (granulated),1,Tablespoon,Milliliter,47.3,0.0,11.8,0.0,0.0,$0.03,
,,,"Nutritional Yeast, Simple Truth, Weight",7,Gram,Gram,28.0,0.0,2.8,4.2,1.4,$0.29,
,,,Baking Powder,1,Teaspoon,Teaspoon,2.0,0.0,1.3,0.0,0.0,$0.03,
,,,"Spice, Salt",0.5,Teaspoon,Teaspoon,0.0,0.0,0.0,0.0,0.0,$0.00,
,,,"Egg, Raw",1,Whole,Whole,72.0,4.8,0.4,6.0,0.0,$0.12,
,,,"Yogurt, Greek, Plain, Whole Milk, Kroger, Volume",0.666,Cup,Cup,140.0,6.0,7.0,16.0,0.0,$0.00,
,,,Butter,1,Tablespoon,Milliliter,100.6,11.8,0.0,0.0,0.0,$0.09,
,,,,,,,,,,,,,
,,,,,,,,,,,,,
Any,,Chicken Prosciutto,,2,Whole,,776.3,37.8,10.9,86.1,16.6,$4.27,https://www.copymethat.com/r/kKTwegeXn/chicken-prosciutto/
,,,"Chicken, Breasts, Raw, Fat Removed",8,Ounce (wt),Gram,249.5,2.8,0.0,52.4,0.0,$1.75,
,,,"Prosciutto Di Parma, Boar's Head, Slices",4,Whole,Whole,140.0,8.0,0.0,18.0,0.0,$0.00,
,,,"Cheese, Cream Cheese, Regular, Weight",125,Gram,Gram,44.6,4.5,8.9,0.0,0.0,$1.38,
,,,"Cheese, Parmesan, grated",0.5,Cup,Milliliter,212.9,8.7,0.0,15.8,15.8,$0.71,
,,,"Onions, green (scallion), raw",2,Whole,1 medium,10.0,0.0,2.0,0.0,0.8,$0.14,
,,,"Spice, Pepper",0.125,Teaspoon,Teaspoon,0.0,0.0,0.0,0.0,0.0,$0.01,
,,,"Oils, Olive",1,Tablespoon,Milliliter,119.3,13.8,0.0,0.0,0.0,$0.28,
,,,,,,,,,,,,,
,,,,,,,,,,,,,
Lunch,,Carrozza Mozzarella,,2,Whole,,1882.9,91.5,168.6,84.3,34.2,$1.67,https://www.copymethat.com/r/PE3BNH4rz/carrozza-mozzarella/
,,,"Bread, Sourdough, Cracked Wheat",6,Whole,,720.0,6.0,144.0,30.0,6.0,$0.00,
,,,"Milk, whole, 3.3% M.F.",0.75,Cup,Milliliter,110.0,3.8,8.5,5.7,5.7,$0.13,
,,,"Wheat flour, all purpose",2,Tablespoon,Milliliter,56.8,0.2,11.8,1.7,0.5,$0.02,
,,,"Cheese, Mozzarella (22.5% M.F.)",100,Gram,Gram,282.0,13.6,2.0,20.0,22.0,$0.16,
,,,"Egg, Raw",2,Whole,Whole,144.0,9.6,0.8,12.0,0.0,$0.24,
,,,"Oils, Olive",0.25,Cup,Milliliter,477.1,55.2,0.0,0.0,0.0,$1.11,
,,,"Deli meat, ham, extra lean (5% fat)",3,Whole,2 slices,93.0,3.0,1.5,15.0,0.0,$0.00,
,,,"Spice, Pepper",0.125,Teaspoon,Teaspoon,0.0,0.0,0.0,0.0,0.0,$0.01,
,,,,,,,,,,,,,
,,,,,,,,,,,,,
Lunch,,Toasted Cheese and Ham Sandwich,,2,Whole,,1576.8,87.3,112.5,65.3,44.4,$2.60,https://www.copymethat.com/r/ZmRL21OJs/toasted-cheese-and-ham-sandwich/
,,,"Bread, Sourdough, Cracked Wheat",4,Whole,,480.0,4.0,96.0,20.0,4.0,$0.00,
,,,"Tomatoes, raw",2,Whole,1,44.0,0.0,10.0,2.0,3.0,$1.00,
,,,"Oils, Olive",4,Tablespoon,Milliliter,477.1,55.2,0.0,0.0,0.0,$1.11,
,,,"Garlic, Clove",1,Whole,Whole,4.5,0.0,1.0,0.2,0.0,$0.10,
,,,"Cheese, Mozzarella (22.5% M.F.)",6,Ounce (wt),Gram,479.7,23.1,3.4,34.0,37.4,$0.27,
,,,"Spice, Oregano",0.125,Teaspoon,Teaspoon,0.3,0.0,0.1,0.0,0.0,$0.05,
,,,"Deli meat, ham, regular (11% fat)",2,Whole,2 slices,91.0,5.0,2.0,9.0,0.0,$0.00,
,,,"Basil, Fresh",0.25,Tablespoon,Tablespoon,0.1,0.0,0.0,0.0,0.0,$0.05,
,,,"Spice, Salt",0.125,Teaspoon,Teaspoon,0.0,0.0,0.0,0.0,0.0,$0.00,
,,,"Spice, Pepper",0.125,Teaspoon,Teaspoon,0.0,0.0,0.0,0.0,0.0,$0.01,
,,,,,,,,,,,,,
,,,,,,,,,,,,,
Breakfast,,Souffle Omelette,,2,Whole,,1133.2,72.3,23.3,61.2,44.4,$3.86,https://www.copymethat.com/r/mYPMhhQkW/souffle-omelette/
,,,"Egg, Raw",4,Whole,Whole,288.0,19.2,1.6,24.0,0.0,$0.48,
,,,"Wheat flour, all purpose",2,Tablespoon,Milliliter,56.8,0.2,11.8,1.7,0.5,$0.02,
,,,"Milk, whole, 3.3% M.F.",5,"Ounce, Fluid",Milliliter,91.7,3.2,7.1,4.7,4.7,$0.11,
,,,Butter,2,Tablespoon,Milliliter,201.1,23.7,0.0,0.0,0.0,$0.18,
,,,"Cheese, Blue, Weight",140,Gram,Gram,495.6,26.0,2.8,30.8,39.2,$3.08,
,,,,,,,,,,,,,
,,,,,,,,,,,,,
Lunch,,Croque Monsieur,,2,Whole,,1763.4,67.7,103.9,115.0,79.0,$9.72,https://www.copymethat.com/r/PlllxYlac/croque-monsieur/
,,,"Bread, white, commercial",4,Whole,1 slice,372.0,4.0,72.0,12.0,3.2,$0.00,
,,,"Deli meat, ham, extra lean (5% fat)",6,Whole,2 slices,186.0,6.0,3.0,30.0,0.0,$0.00,
,,,"Cheese, Gruyere",200,Gram,Gram,828.0,38.0,0.0,60.0,64.0,$9.32,
,,,Butter,1,Tablespoon,Milliliter,100.6,11.8,0.0,0.0,0.0,$0.09,
,,,"Wheat flour, all purpose",2,Tablespoon,Milliliter,56.8,0.2,11.8,1.7,0.5,$0.02,
,,,"Milk, whole, 3.3% M.F.",1.5,Cup,Milliliter,220.0,7.7,17.0,11.4,11.4,$0.26,
,,,"Spice, Salt",0.125,Teaspoon,Teaspoon,0.0,0.0,0.0,0.0,0.0,$0.00,
,,,"Spice, Pepper",0.125,Teaspoon,Teaspoon,0.0,0.0,0.0,0.0,0.0,$0.01,
,,,"Spice, Nutmeg",0.125,Teaspoon,Teaspoon,0.0,0.0,0.0,0.0,0.0,$0.03,
,,,,,,,,,,,,,
,,,,,,,,,,,,,
Dinner,,Steak Au Poivre,,2,Whole,,1430.2,106.8,15.8,80.0,78.9,$1.42,https://www.copymethat.com/r/ni3CSZVLw/steak-au-poivre/
,,,"Beef, Tenderloin, steak, lean + fat, broiled",250,Gram,Gram,566.7,23.3,0.0,80.0,0.0,$0.00,
,,,"Spice, Peppercorn, Black, Whole",2,Tablespoon,Teaspoon,0.0,0.0,0.0,0.0,0.0,$0.00,
,,,"Spice, Peppercorn, Green, Whole",1,Tablespoon,Teaspoon,0.0,0.0,0.0,0.0,0.0,$0.00,
,,,"Whipping cream, 35% M.F., not whipped",1,Cup,Milliliter,788.6,78.9,15.8,0.0,78.9,$1.26,
,,,"Alcohol, Brandy",0.333,Cup,Liter,5.1,0.0,0.0,0.0,0.0,$0.00,
,,,"Mustard, Dijon, French's",2,Tablespoon,Teaspoon,30.0,0.0,0.0,0.0,0.0,$0.06,
,,,"Oils, Olive",1,Teaspoon,Milliliter,39.8,4.6,0.0,0.0,0.0,$0.09,
,,,"Spice, Salt",0.125,Teaspoon,Teaspoon,0.0,0.0,0.0,0.0,0.0,$0.00,
,,,,,,,,,,,,,
,,,,,,,,,,,,,
Dinner,,Garlic Steak,,6,Whole,,4565.9,343.9,29.4,275.0,80.1,$7.54,https://www.copymethat.com/r/SkKMrW7WA/garlic-steak/
,,,Butter,4,Tablespoon,Milliliter,402.2,47.3,0.0,0.0,0.0,$0.35,
,,,Shallot,4,Tablespoon,Tablespoon,28.0,0.0,6.8,1.2,1.2,$0.12,
,,,"Spice, Thyme",0.5,Teaspoon,Teaspoon,0.4,0.0,0.1,0.0,0.0,$0.06,
,,,"Garlic, Clove",4,Whole,Whole,18.0,0.0,4.0,0.8,0.0,$0.40,
,,,"Wine, table, white",1,Cup,Milliliter,160.9,0.0,1.9,0.0,0.0,$1.27,
,,,"Whipping cream, 35% M.F., not whipped",1,Cup,Milliliter,788.6,78.9,15.8,0.0,78.9,$1.26,
,,,"Mustard, Dijon, French's",2,Tablespoon,Teaspoon,30.0,0.0,0.0,0.0,0.0,$0.06,
,,,"Chives, Fresh",0.5,Cup,Tablespoon,8.0,0.0,0.8,0.8,0.0,$4.00,
,,,"Spice, Salt",0.125,Teaspoon,Teaspoon,0.0,0.0,0.0,0.0,0.0,$0.00,
,,,"Spice, Pepper",0.125,Teaspoon,Teaspoon,0.0,0.0,0.0,0.0,0.0,$0.01,
,,,"Beef, Rib eye steak, lean + fat, broiled",36,Ounce (wt),Gram,3129.8,217.7,0.0,272.2,0.0,$0.00,
,,,,,,,,,,,,,
,,,,,,,,,,,,,
Dinner,,Cripsy Chimichurri Herb Potatoes,,5,Whole,,1336.3,70.5,166.1,20.9,0.4,$3.35,https://www.copymethat.com/r/WwlTHd6P6/crispy-chimichurri-herb-potatoes-/
,,,Baking Soda,1,Teaspoon,Teaspoon,0.0,0.0,0.0,0.0,0.0,$0.01,
,,,"Potato, plain, raw",2,Pound,Gram,694.2,0.9,157.6,18.3,0.0,$1.36,
,,,"Oils, Olive",5,Tablespoon,Milliliter,596.4,69.0,0.0,0.0,0.0,$1.39,
,,,"Spice, Salt",0.125,Teaspoon,Teaspoon,0.0,0.0,0.0,0.0,0.0,$0.00,
,,,"Spice, Pepper",0.125,Teaspoon,Teaspoon,0.0,0.0,0.0,0.0,0.0,$0.01,
,,,"Garlic, Clove",4,Whole,Whole,18.0,0.0,4.0,0.8,0.0,$0.40,
,,,"Parsley, Fresh",0.25,Cup,Tablespoon,4.0,0.0,0.8,0.4,0.0,$0.12,
,,,"Tarragon, Fresh",3,Tablespoon,Tablespoon,15.0,0.4,2.7,1.2,0.4,$0.00,
,,,"Vinegar, White",1,Tablespoon,Tablespoon,3.0,0.0,0.0,0.0,0.0,$0.01,
,,,Red Pepper Flakes,1,Teaspoon,Teaspoon,5.7,0.3,1.0,0.2,0.0,$0.04,
,,,,,,,,,,,,,
,,,,,,,,,,,,,
Snack,,Parmesan Garlic Pretzel Bites,,16,Whole,,1731.6,32.6,293.9,54.0,19.3,$1.19,https://www.copymethat.com/r/0Kqdfxboi/parmesan-garlic-pretzel-bites/
,,,"Yeast, Dry, Kroger",0.25,Ounce (wt),Ounce (wt),0.0,0.0,0.0,0.0,0.0,$0.00,
,,,White sugar (granulated),2,Teaspoon,Milliliter,31.5,0.0,7.9,0.0,0.0,$0.02,
,,,"Wheat flour, all purpose",3,Cup,Milliliter,1362.7,5.7,283.9,39.7,11.4,$0.40,
,,,"Spice, Salt",0.625,Teaspoon,Teaspoon,0.0,0.0,0.0,0.0,0.0,$0.00,
,,,Baking Soda,0.25,Cup,Teaspoon,0.0,0.0,0.0,0.0,0.0,$0.12,
,,,"Egg, Raw",1,Whole,Whole,72.0,4.8,0.4,6.0,0.0,$0.12,
,,,"Cheese, Parmesan, grated",0.25,Cup,Milliliter,106.5,4.3,0.0,7.9,7.9,$0.35,
,,,"Spice, Garlic Powder",0.25,Teaspoon,Teaspoon,8.0,0.0,1.8,0.4,0.0,$0.03,
,,,"Spice, Pepper",0.125,Teaspoon,Teaspoon,0.0,0.0,0.0,0.0,0.0,$0.01,
,,,Butter,1.5,Tablespoon,Milliliter,150.8,17.7,0.0,0.0,0.0,$0.13,
,,,,,,,,,,,,,
,,,,,,,,,,,,,
Snack,,Ba's Best Banana Bread,,8,Whole,,2569.3,62.8,490.8,43.9,14.1,$2.32,https://www.copymethat.com/r/NEXUezKSf/bas-best-banana-bread/
,,,"Wheat flour, all purpose",1.5,Cup,Milliliter,681.4,2.8,142.0,19.9,5.7,$0.20,
,,,Baking Soda,1.25,Teaspoon,Teaspoon,0.0,0.0,0.0,0.0,0.0,$0.01,
,,,"Spice, Salt",0.75,Teaspoon,Teaspoon,0.0,0.0,0.0,0.0,0.0,$0.00,
,,,Brown sugar,1,Cup,Milliliter,851.7,0.0,236.6,0.0,0.0,$0.59,
,,,"Yogurt, Greek, Plain, Whole Milk, Kroger, Volume",0.333,Cup,Cup,70.0,3.0,3.5,8.0,0.0,$0.00,
,,,Butter,0.25,Cup,Milliliter,402.2,47.3,0.0,0.0,0.0,$0.35,
,,,"Egg, Raw",2,Whole,Whole,144.0,9.6,0.8,12.0,0.0,$0.24,
,,,Banana,4,Whole,1,420.0,0.0,108.0,4.0,8.4,$0.92,
,,,,,,,,,,,,,
,,,,,,,,,,,,,
Snack,,No-Churn Mint Chocolate Chip Ice Cream,,6,Cup,,3794.9,208.1,419.4,59.2,212.9,$4.26,https://www.copymethat.com/r/UZWC8nA6E/no-churn-mint-chocolate-chip-ice-cream/
,,,"Milk, condensed, sweetened, canned (Eagle BrandTM)",14,"Ounce, Fluid",Milliliter,1711.3,30.4,303.6,55.2,55.2,$0.00,
,,,"Extract, Vanilla",0.5,Teaspoon,Tablespoon,6.3,0.0,0.3,0.0,0.0,$0.42,
,,,"Extract, Mint",1.5,Teaspoon,Teaspoon,0.0,0.0,0.0,0.0,0.0,$0.00,
,,,"Whipping cream, 35% M.F., not whipped",1,"Pint, USA",Milliliter,1577.3,157.7,31.5,0.0,157.7,$2.52,
,,,"Chocolate Chips, Semi-Sweet, Mini, Volume",0.25,Cup,Tablespoon,320.0,20.0,36.0,4.0,0.0,$1.04,
,,,"Chocolate, Syrup, Hershey's, Volume",0.25,Cup,Tablespoon,180.0,0.0,48.0,0.0,0.0,$0.28,
,,,,,,,,,,,,,
,,,,,,,,,,,,,
Dinner,,Slow Cooker Carnitas,,8,Whole,,2014.3,73.5,45.0,259.7,5.9,$0.71,https://www.copymethat.com/r/SOqb0sDdQ/slow-cooker-carnitas/
,,,"Onion, Yellow, Medium, Raw",1,Whole,Whole,41.0,0.2,9.5,1.3,1.3,$0.00,
,,,"Garlic, Clove",4,Whole,Whole,18.0,0.0,4.0,0.8,0.0,$0.40,
,,,"Spice, Cinnamon, Stick",2,Whole,Whole,0.0,0.0,0.0,0.0,0.0,$0.00,
,,,"Spice, Oregano",0.5,Teaspoon,Teaspoon,1.4,0.0,0.4,0.1,0.0,$0.18,
,,,"Spice, Ground Cumin",0.5,Teaspoon,Tablespoon,3.7,0.2,0.5,0.2,0.0,$0.04,
,,,"Spice, Salt",0.5,Teaspoon,Teaspoon,0.0,0.0,0.0,0.0,0.0,$0.00,
,,,"Spice, Pepper",0.125,Teaspoon,Teaspoon,0.0,0.0,0.0,0.0,0.0,$0.01,
,,,"Spice, Chili Powder, Chipotle",0.5,Teaspoon,Teaspoon,3.8,0.2,0.7,0.2,0.0,$0.08,
,,,"Pork, Shoulder, Butt, Kroger",3,Pound,Gram,1822.5,72.9,0.0,255.1,0.0,$0.00,
,,,Orange,2,Whole,1,124.0,0.0,30.0,2.0,4.6,$0.00,
,,,,,,,,,,,,,
,,,,,,,,,,,,,
Any,,Homemade Pork Gyoza,,50,Whole,,1916.1,68.6,215.6,102.9,12.8,$3.72,https://www.copymethat.com/r/nU8YhFDSO/homemade-pork-gyoza/
,,,"Cabbage, green, shredded, raw",4,Cup,Milliliter,68.1,0.0,15.1,7.6,5.3,$0.53,
,,,"Oils, Canola",2,Tablespoon,Milliliter,246.4,27.6,0.0,0.0,0.0,$0.04,
,,,"Onions, green (scallion), raw",3,Whole,1 medium,15.0,0.0,3.0,0.0,1.2,$0.21,
,,,"Garlic, Clove",2,Whole,Whole,9.0,0.0,2.0,0.4,0.0,$0.20,
,,,"Ginger, Fresh",1,Tablespoon,Teaspoon,4.8,0.0,1.2,0.0,0.0,$0.06,
,,,"Sauce, soy",0.5,Tablespoon,Milliliter,3.5,0.0,0.5,0.0,0.0,$0.06,
,,,"Oils, Sesame",1,Teaspoon,Milliliter,40.1,4.6,0.0,0.0,0.0,$0.11,
,,,"Pork, Ground, lean, pan-fried",0.5,Pound,Gram,529.2,33.3,0.0,57.5,0.0,$2.51,
,,,"Wonton Wrapper, Nasoya Foods",50,Whole,Whole,1000.0,3.1,193.8,37.5,6.3,$0.00,
,,,,,,,,,,,,,
,,,,,,,,,,,,,
Breakfast,,Maple Sage Breakfast Sausage,,5,Whole,,996.1,58.9,15.7,101.3,0.0,$6.22,https://www.copymethat.com/r/FYDHIPVZO/maple-sage-breakfast-sausage/
,,,"Turkey, Ground, 93%/7%, Raw",19,Ounce (wt),Ounce (wt),807.5,44.9,0.0,100.9,0.0,$5.33,
,,,"Sage, Dried",1,Teaspoon,Teaspoon,2.0,0.0,0.0,0.0,0.0,$0.22,
,,,"Spice, Thyme",0.5,Teaspoon,Teaspoon,0.4,0.0,0.1,0.0,0.0,$0.06,
,,,"Spice, Garlic Powder",0.25,Teaspoon,Teaspoon,8.0,0.0,1.8,0.4,0.0,$0.03,
,,,"Spice, Smoked Paprika",0.25,Teaspoon,Teaspoon,0.0,0.0,0.0,0.0,0.0,$0.11,
,,,Maple syrup,1,Tablespoon,Milliliter,54.2,0.0,13.8,0.0,0.0,$0.15,
,,,"Spice, Salt",0.25,Teaspoon,Teaspoon,0.0,0.0,0.0,0.0,0.0,$0.00,
,,,"Spice, Pepper",0.125,Teaspoon,Teaspoon,0.0,0.0,0.0,0.0,0.0,$0.01,
,,,"Oils, Avocado",1,Tablespoon,Tablespoon,124.0,14.0,0.0,0.0,0.0,$0.31,
,,,,,,,,,,,,,
,,,,,,,,,,,,,
Any,,Comeback Sauce,,5,Whole,,831.2,86.8,18.3,0.2,0.0,$0.86,https://www.copymethat.com/r/ci1z3xMyF/comeback-sauce/
,,,"Salad Dressings, Mayonnaise",0.5,Cup,Milliliter,788.6,86.7,7.9,0.0,0.0,$0.55,
,,,Ketchup,2,Tablespoon,Milliliter,29.6,0.0,7.9,0.0,0.0,$0.08,
,,,Worcestershire Sauce,0.5,Tablespoon,Tablespoon,6.5,0.0,1.7,0.0,0.0,$0.09,
,,,"Mustard, Dijon, French's",0.5,Teaspoon,Teaspoon,2.5,0.0,0.0,0.0,0.0,$0.01,
,,,"Sauce, Frank's RedHot, Original Cayenne Pepper",0.125,Teaspoon,Teaspoon,0.0,0.0,0.0,0.0,0.0,$0.00,
,,,"Spice, Smoked Paprika",0.25,Teaspoon,Teaspoon,0.0,0.0,0.0,0.0,0.0,$0.11,
,,,"Spice, Garlic Powder",0.125,Teaspoon,Teaspoon,4.0,0.0,0.9,0.2,0.0,$0.01,
,,,"Spice, Pepper",0.125,Teaspoon,Teaspoon,0.0,0.0,0.0,0.0,0.0,$0.01,
,,,"Spice, Salt",0.125,Teaspoon,Teaspoon,0.0,0.0,0.0,0.0,0.0,$0.00,
,,,,,,,,,,,,,
,,,,,,,,,,,,,
Snack,,Birthday Cake Protein Balls,,15,Whole,,882.0,82.5,59.1,35.0,17.8,$1.13,https://www.copymethat.com/r/MaAaC6WdC/birthday-cake-protein-balls-paleo-no-bak/
,,,Baking Soda,0.25,Teaspoon,Teaspoon,0.0,0.0,0.0,0.0,0.0,$0.00,
,,,"Spice, Salt",0.125,Teaspoon,Teaspoon,0.0,0.0,0.0,0.0,0.0,$0.00,
,,,"Butter, Coconut, Volume",0.33,Cup,Tablespoon,580.8,52.8,21.1,5.3,15.8,$0.00,
,,,Honey,2,Tablespoon,Milliliter,130.1,0.0,35.5,0.0,0.0,$0.30,
,,,"Extract, Vanilla",1,Teaspoon,Tablespoon,12.7,0.0,0.5,0.0,0.0,$0.83,
,,,"Protein Powder, Pea, Unflavored, Volume",0.33,Cup,Cup,158.4,29.7,2.0,29.7,2.0,$0.00,
,,,,,,,,,,,,,
,,,,,,,,,,,,,
Dinner,,Ground Beef Wellington,,2,Whole,,1638.6,96.2,108.2,79.3,8.4,$6.23,https://www.copymethat.com/r/lDzcN0Szs/air-fryer-ground-beef-wellington/
,,,Butter,1,Tablespoon,Milliliter,100.6,11.8,0.0,0.0,0.0,$0.09,
,,,"Mushroom, Raw, Volume",0.5,Cup,Cup,8.0,0.1,1.2,1.1,0.0,$0.39,
,,,"Wheat flour, all purpose",2,Teaspoon,Milliliter,18.9,0.1,3.9,0.6,0.2,$0.01,
,,,"Spice, Pepper",0.25,Teaspoon,Teaspoon,0.0,0.0,0.0,0.0,0.0,$0.03,
,,,"Cream, Half and half, 10% M.F.",0.5,Cup,Milliliter,157.7,11.8,3.9,3.9,7.9,$0.20,
,,,"Egg, Raw",2,Whole,Whole,144.0,9.6,0.8,12.0,0.0,$0.24,
,,,"Onion, Yellow, Medium, Raw",0.25,Whole,Whole,10.3,0.1,2.4,0.3,0.3,$0.00,
,,,"Spice, Salt",0.25,Teaspoon,Teaspoon,0.0,0.0,0.0,0.0,0.0,$0.00,
,,,"Beef, Ground, 90% Lean, 10% Fat",0.5,Pound,Gram,399.2,22.7,0.0,45.4,0.0,$2.99,
,,,"Crescent Rolls, Pillsbury",8,Whole,,800.0,40.0,96.0,16.0,0.0,$2.29,
,,,,,,,,,,,,,
,,,,,,,,,,,,,
Dinner,,Cheddar Chicken Broccoli & Rice,,5,Whole,,2811.6,109.6,176.7,224.5,71.7,$16.13,https://www.copymethat.com/r/tU9T6e9Da/lighter-cheddar-chicken-broccoli-brown-r/
,,,"Chicken, Breasts, Raw, Fat Removed",1.5,Pound,Gram,748.4,8.4,0.0,157.1,0.0,$5.24,
,,,"Spice, Salt",0.125,Teaspoon,Teaspoon,0.0,0.0,0.0,0.0,0.0,$0.00,
,,,"Spice, Pepper",0.125,Teaspoon,Teaspoon,0.0,0.0,0.0,0.0,0.0,$0.01,
,,,"Spice, Onion Powder",2,Teaspoon,Teaspoon,16.4,0.0,3.8,0.6,0.0,$0.30,
,,,"Spice, Garlic Powder",1,Teaspoon,Teaspoon,32.0,0.1,7.0,1.6,0.0,$0.10,
,,,"Spice, Cumin",2,Teaspoon,Teaspoon,0.0,0.0,0.0,0.0,0.0,$0.00,
,,,"Oils, Avocado",2,Tablespoon,Tablespoon,248.0,28.0,0.0,0.0,0.0,$0.62,
,,,"Onions, yellow, chopped, raw",0.5,Cup,Milliliter,33.5,0.0,7.9,0.0,1.2,$0.32,
,,,"Garlic, Clove",2,Whole,Whole,9.0,0.0,2.0,0.4,0.0,$0.20,
,,,"Coconut Milk, Lite",14,"Ounce, Fluid",Milliliter,310.5,31.1,2.6,2.6,0.0,$1.81,
,,,"Cheese, Cheddar",6,Ounce (wt),Gram,687.2,35.7,3.4,40.8,57.8,$1.80,
,,,"Spice, Paprika",2,Teaspoon,Teaspoon,13.0,0.6,2.4,0.6,0.0,$0.22,
,,,"Rice, brown, long-grain, cooked",3,Cup,Milliliter,653.0,5.7,136.3,17.0,8.5,$5.05,
,,,"Broccoli, chopped, raw",2,Cup,Milliliter,60.6,0.0,11.4,3.8,4.2,$0.45,
,,,,,,,,,,,,,
,,,,,,,,,,,,,
Snack,,Peanut Butter Pie Shooters,,20,Whole,,6001.5,352.7,599.3,131.7,174.6,$5.81,https://www.copymethat.com/r/kSm7hwKVr/peanut-butter-pie-shooters/
,,,"Peanut butter, natural",1,Cup,Milliliter,1451.1,126.2,55.2,55.2,19.7,$1.73,
,,,"Cheese, Cream cheese, regular",8,"Ounce, Fluid","Ounce, Fluid",800.0,80.0,8.0,16.0,80.0,$2.48,
,,,"Milk, condensed, sweetened, canned (Eagle BrandTM)",14,"Ounce, Fluid",Milliliter,1711.3,30.4,303.6,55.2,55.2,$0.00,
,,,"Extract, Vanilla",1,Teaspoon,Tablespoon,12.7,0.0,0.5,0.0,0.0,$0.83,
,,,Icing sugar (powdered),1,Cup,Milliliter,473.2,0.0,94.6,0.0,0.0,$0.00,
,,,"Whipping cream, 35% M.F., not whipped",0.25,Cup,Milliliter,197.2,19.7,3.9,0.0,19.7,$0.32,
,,,"Oreo, Chocolate",16,Whole,Whole,853.3,37.3,133.3,5.3,0.0,$0.00,
,,,Butter,5,Tablespoon,Milliliter,502.8,59.1,0.0,0.0,0.0,$0.44,
,,,,,,,,,,,,,
,,,,,,,,,,,,,
Breakfast,,Ham and Sausage Hash Brown Egg Bake,,6,Whole,,1805.1,105.2,98.5,109.7,13.2,$4.35,https://www.copymethat.com/r/AiQrXq1YK/ham-and-sausage-hash-brown-egg-bake/
,,,"Sausage, Country Ground Style, Kroger",4,Ounce (wt),Ounce (wt),360.0,30.0,4.0,20.0,0.0,$1.20,
,,,"Ham, lean and regular, roasted",8,Ounce (wt),Gram,375.0,18.1,0.0,48.4,0.0,$0.00,
,,,"Egg, Raw",4,Whole,Whole,288.0,19.2,1.6,24.0,0.0,$0.48,
,,,"Milk, partly skimmed, 2% M.F.",0.25,Cup,Milliliter,30.5,0.8,2.8,2.1,1.2,$0.04,
,,,"Spice, Garlic Powder",0.25,Teaspoon,Teaspoon,8.0,0.0,1.8,0.4,0.0,$0.03,
,,,"Potatoes, hashed brown, plain, frozen, heated",2,Cup,Milliliter,681.4,34.1,87.1,11.4,6.8,$2.38,
,,,"Cheese, Cheddar",0.5,Ounce (wt),Gram,57.3,3.0,0.3,3.4,4.8,$0.15,
,,,"Onions, green (scallion), raw",1,Whole,1 medium,5.0,0.0,1.0,0.0,0.4,$0.07,
,,,,,,,,,,,,,
,,,,,,,,,,,,,
Lunch,,Fun-Size Corn Dogs,,24,Ounce (wt),,2165.5,99.7,248.3,59.2,18.7,$1.14,https://www.copymethat.com/r/6uCcw3EhN/easy-fun-size-corn-dogs/
,,,"Wiener (frankfurter), beef",4,Whole,1,416.0,32.0,8.0,20.0,0.0,$0.00,
,,,"Egg, Raw",1,Whole,Whole,72.0,4.8,0.4,6.0,0.0,$0.12,
,,,"Oils, Vegetable",4,Tablespoon,Tablespoon,496.0,56.0,0.0,0.0,0.0,$0.00,
,,,White sugar (granulated),2,Tablespoon,Milliliter,94.6,0.0,23.7,0.0,0.0,$0.06,
,,,"Milk, partly skimmed, 2% M.F.",1,Cup,Milliliter,122.1,3.1,11.4,8.5,4.7,$0.17,
,,,"Vinegar, White",1,Teaspoon,Tablespoon,1.0,0.0,0.0,0.0,0.0,$0.00,
,,,"Cornmeal, dry",1,Cup,Milliliter,505.4,1.9,107.9,11.4,10.2,$0.59,
,,,"Wheat flour, all purpose",1,Cup,Milliliter,454.2,1.9,94.6,13.2,3.8,$0.13,
,,,Baking Powder,1.75,Teaspoon,Teaspoon,3.5,0.0,2.3,0.0,0.0,$0.05,
,,,Baking Soda,0.25,Teaspoon,Teaspoon,0.0,0.0,0.0,0.0,0.0,$0.00,
,,,"Spice, Salt",0.75,Teaspoon,Teaspoon,0.0,0.0,0.0,0.0,0.0,$0.00,
,,,"Spice, Cayenne Pepper",0.125,Teaspoon,Tablespoon,0.7,0.0,0.1,0.0,0.0,$0.01,
,,,,,,,,,,,,,
,,,,,,,,,,,,,
Breakfast,,Dutch Babies - Plain,,6,Whole,,829.3,52.9,56.2,30.3,5.1,$1.02,https://www.copymethat.com/r/KSgMjiiLS/dutch-babies/
,,,"Egg, Raw",3,Whole,Whole,216.0,14.4,1.2,18.0,0.0,$0.36,
,,,"Milk, partly skimmed, 2% M.F.",0.6666,Cup,Milliliter,81.4,2.1,7.6,5.7,3.2,$0.11,
,,,"Wheat flour, all purpose",0.5,Cup,Milliliter,227.1,0.9,47.3,6.6,1.9,$0.07,
,,,"Extract, Vanilla",0.25,Teaspoon,Tablespoon,3.2,0.0,0.1,0.0,0.0,$0.21,
,,,"Spice, Salt",0.25,Teaspoon,Teaspoon,0.0,0.0,0.0,0.0,0.0,$0.00,
,,,Butter,3,Tablespoon,Milliliter,301.7,35.5,0.0,0.0,0.0,$0.27,
,,,,,,,,,,,,,
,,,,,,,,,,,,,
Lunch,,Smoked Salmon Chowder,,6,Whole,,3948.4,194.7,350.4,167.3,102.6,$28.48,https://www.copymethat.com/r/Ma2Hq36Xo/smoked-salmon-chowder/
,,,Butter,3.5,Tablespoon,Milliliter,351.9,41.4,0.0,0.0,0.0,$0.31,
,,,"Onions, yellow, chopped, raw",2,Cup,Milliliter,134.1,0.0,31.5,0.0,4.7,$1.26,
,,,"Carrots, raw",5,Whole,1 medium,125.0,0.0,30.0,5.0,7.5,$0.75,
,,,"Celery, raw",3,Whole,1 stalk,18.0,0.0,3.0,0.0,1.8,$0.27,
,,,"Wine, table, white",0.5,Cup,Milliliter,80.4,0.0,0.9,0.0,0.0,$0.63,
,,,"Potato, plain, raw",3,Pound,Gram,1041.3,1.3,236.4,27.5,0.0,$2.04,
,,,"Spice, Thyme",1.5,Teaspoon,Teaspoon,1.2,0.0,0.3,0.0,0.0,$0.18,
,,,"Chicken broth, Condensed, prepared with water",4,Cup,Milliliter,155.2,3.8,3.8,18.9,0.0,$0.45,
,,,"Milk, partly skimmed, 2% M.F.",2,Cup,Milliliter,244.2,6.2,22.7,17.0,9.5,$0.34,
,,,"Wheat flour, all purpose",1,Tablespoon,Milliliter,28.4,0.1,5.9,0.8,0.2,$0.01,
,,,"Whipping cream, 35% M.F., not whipped",1,Cup,Milliliter,788.6,78.9,15.8,0.0,78.9,$1.26,
,,,"Smoked Salmon, Foppen",14,Ounce (wt),Ounce (wt),980.0,63.0,0.0,98.0,0.0,$20.97,
,,,,,,,,,,,,,
,,,,,,,,,,,,,
Dinner,,Buffalo Chicken Tachos,,6,Whole,,2014.6,130.8,9.9,165.0,44.9,$7.51,https://www.copymethat.com/r/8kigpBLuK/buffalo-chicken-tachos/
,,,"Tater Tots, Crispy Seasoned, Alexia",96,Whole,Whole,322.3,13.0,0.0,48.7,6.9,$0.00,
,,,"Chicken, Breasts, Raw, Fat Removed",10,Ounce (wt),Gram,311.8,3.5,0.0,65.5,0.0,$2.18,
,,,"Sauce, Frank's RedHot, Original Cayenne Pepper",1,Cup,Teaspoon,0.0,0.0,0.0,0.0,0.0,$0.00,
,,,"Spice, Garlic Powder",0.5,Teaspoon,Teaspoon,16.0,0.1,3.5,0.8,0.0,$0.05,
,,,Butter,0.25,Cup,Milliliter,402.2,47.3,0.0,0.0,0.0,$0.35,
,,,"Cheese, Cheddar",112,Gram,Gram,452.5,23.5,2.2,26.9,38.1,$1.19,
,,,"Cheese, Blue, Volume",0.25,Cup,Cup,119.3,9.8,0.8,7.3,0.0,$1.25,
,,,"Bacon, pork, broiled, pan-fried or roasted",5,Whole,3 slices,175.0,11.3,0.0,15.0,0.0,$2.20,
,,,"Ranch, Hidden Valley, Home made",0.25,Cup,"Ounce, Fluid",215.5,22.3,3.4,0.9,0.0,$0.29,
,,,,,,,,,,,,,
,,,,,,,,,,,,,
Breakfast,,Cinnamon Swirl Oven Pancake,,4,Whole,,1202.7,57.2,144.4,27.9,8.5,$1.79,https://www.copymethat.com/r/CBJgEAQs7/cinnamon-swirl-oven-pancake/
,,,"Wheat flour, all purpose",1,Cup,Milliliter,454.2,1.9,94.6,13.2,3.8,$0.13,
,,,Baking Powder,1.5,Teaspoon,Teaspoon,3.0,0.0,2.0,0.0,0.0,$0.05,
,,,White sugar (granulated),2,Tablespoon,Milliliter,94.6,0.0,23.7,0.0,0.0,$0.06,
,,,"Milk, partly skimmed, 2% M.F.",1,Cup,Milliliter,122.1,3.1,11.4,8.5,4.7,$0.17,
,,,"Egg, Raw",1,Whole,Whole,72.0,4.8,0.4,6.0,0.0,$0.12,
,,,Butter,4,Tablespoon,Milliliter,402.2,47.3,0.0,0.0,0.0,$0.35,
,,,"Extract, Vanilla",1,Teaspoon,Tablespoon,12.7,0.0,0.5,0.0,0.0,$0.83,
,,,"Spice, Salt",0.25,Teaspoon,Teaspoon,0.0,0.0,0.0,0.0,0.0,$0.00,
,,,"Spice, Cinnamon",1,Teaspoon,Tablespoon,6.3,0.0,2.0,0.1,0.0,$0.05,
,,,Brown sugar,2,Teaspoon,Milliliter,35.5,0.0,9.9,0.0,0.0,$0.02,
,,,,,,,,,,,,,
,,,,,,,,,,,,,
Dinner,,Spicy Honey Garlic Salmon,,4,Whole,,2228.7,121.7,93.8,182.8,0.1,$2.90,https://www.copymethat.com/r/hhzhRYe1F/spicy-honey-garlic-salmon/
,,,"Salmon, Atlantic, Raw",32,Ounce (wt),Ounce (wt),1656.0,98.4,0.0,180.0,0.0,$0.00,
,,,"Oils, Olive",1.66,Tablespoon,Milliliter,198.0,22.9,0.0,0.0,0.0,$0.46,
,,,"Spice, Smoked Paprika",1,Teaspoon,Teaspoon,0.0,0.0,0.0,0.0,0.0,$0.43,
,,,"Spice, Garlic Powder",1,Teaspoon,Teaspoon,32.0,0.1,7.0,1.6,0.0,$0.10,
,,,"Spice, Peppercorn, Black, Whole",0.75,Teaspoon,Teaspoon,0.0,0.0,0.0,0.0,0.0,$0.00,
,,,"Spice, Cayenne Pepper",0.5,Teaspoon,Tablespoon,2.8,0.2,0.5,0.1,0.0,$0.02,
,,,Honey,0.25,Cup,Milliliter,260.2,0.0,71.0,0.0,0.0,$0.59,
,,,"Garlic, Clove",4,Whole,Whole,18.0,0.0,4.0,0.8,0.0,$0.40,
,,,"Lemon juice, canned or bottled",1,Tablespoon,Milliliter,3.0,0.0,1.0,0.0,0.1,$0.15,
,,,"Spice, Onion Powder",0.5,Teaspoon,Teaspoon,4.1,0.0,1.0,0.2,0.0,$0.08,
,,,"Sauce, soy",0.33,Cup,Milliliter,36.4,0.0,5.2,0.0,0.0,$0.62,
,,,Red Pepper Flakes,0.5,Teaspoon,Teaspoon,2.9,0.2,0.5,0.1,0.0,$0.02,
,,,Corn Starch,1.5,Teaspoon,Cup,15.3,0.0,3.7,0.0,0.0,$0.02,
,,,"Spice, Ground Ginger",0.5,Teaspoon,Teaspoon,0.0,0.0,0.0,0.0,0.0,$0.00,
,,,,,,,,,,,,,
,,,,,,,,,,,,,
Lunch,,Chicken and Vegetable Meal Prep,,4,Whole,,1804.7,63.3,154.6,160.7,17.0,$9.73,https://www.copymethat.com/r/ZhdzXBOXs/easy-chicken-and-vegetable-meal-prep/
,,,"Brussels Sprouts, Fresh, Weight",1,Pound,Gram,195.9,1.5,41.2,15.5,0.0,$2.68,
,,,"Sweet Potato, raw",1.25,Pound,Gram,487.6,0.6,113.4,9.1,17.0,$1.25,
,,,"Oils, Avocado",3,Tablespoon,Tablespoon,372.0,42.0,0.0,0.0,0.0,$0.93,
,,,"Spice, Salt",0.25,Teaspoon,Teaspoon,0.0,0.0,0.0,0.0,0.0,$0.00,
,,,"Spice, Pepper",0.25,Teaspoon,Teaspoon,0.0,0.0,0.0,0.0,0.0,$0.03,
,,,"Chicken, Breasts, Raw, Fat Removed",1.3,Pound,Gram,648.6,7.3,0.0,136.2,0.0,$4.54,
,,,"Spice, Smoked Paprika",0.5,Teaspoon,Teaspoon,0.0,0.0,0.0,0.0,0.0,$0.22,
,,,Butter,1,Tablespoon,Milliliter,100.6,11.8,0.0,0.0,0.0,$0.09,
,,,"Spice, Sweet Paprika",0.5,Teaspoon,Teaspoon,0.0,0.0,0.0,0.0,0.0,$0.00,
,,,"Spice, Steak Seasoning",0.5,Teaspoon,Teaspoon,0.0,0.0,0.0,0.0,0.0,$0.00,
,,,,,,,,,,,,,
,,,,,,,,,,,,,
Breakfast,,Cold Oats,,,,,463.7,9.8,75.7,18.5,6.9,$1.17,
,,,"Oatmeal, Quaker Oats, Old Fashion",1,Cup,Cup,300.0,6.0,54.0,10.0,0.0,$0.96,
,,,"Applesauce, unsweetened",2,Tablespoon,Milliliter,13.0,0.0,3.5,0.0,0.4,$0.04,
,,,"Milk, partly skimmed, 2% M.F.",1,Cup,Milliliter,122.1,3.1,11.4,8.5,4.7,$0.17,
,,,"Blueberries, frozen, unsweetened",0.36,Cup,Milliliter,28.6,0.7,6.8,0.0,1.8,$0.00,
,,,,,,,,,,,,,
,,,,,,,,,,,,,
Any,,Smashed Sweet Potatoes with Herbs and Garlic,,6,Whole,,1678.5,100.4,189.2,21.7,27.2,$3.81,https://www.copymethat.com/r/kyxylDCEl/smashed-sweet-potatoes-with-herbs-and-ga/
,,,"Sweet Potato, raw",32,Ounce (wt),Gram,780.2,0.9,181.4,14.5,27.2,$2.00,
,,,Butter,0.5,Cup,Milliliter,804.4,94.6,0.0,0.0,0.0,$0.71,
,,,"Spice, Rosemary",1,Tablespoon,Teaspoon,12.0,0.6,2.4,0.3,0.0,$0.48,
,,,"Spice, Salt",0.5,Teaspoon,Teaspoon,0.0,0.0,0.0,0.0,0.0,$0.00,
,,,"Garlic, Minced",2,Tablespoon,Teaspoon,25.2,0.0,5.4,1.2,0.0,$0.42,
,,,"Cheese, Parmesan, Shredded",0.5,Ounce (wt),Gram,56.7,4.3,0.0,5.7,0.0,$0.20,
,,,,,,,,,,,,,
,,,,,,,,,,,,,
Any,,Herb and Parmesan Oven Roasted Potatoes,,6,Whole,,1236.6,38.7,176.9,37.6,15.8,$4.13,https://www.copymethat.com/r/Z6rurnGZC/herb-and-parmesan-oven-roasted-potatoes/
,,,"Potato, plain, raw",2,Pound,Gram,694.2,0.9,157.6,18.3,0.0,$1.36,
,,,"Spice, Salt",1,Teaspoon,Teaspoon,0.0,0.0,0.0,0.0,0.0,$0.00,
,,,"Spice, Paprika",1,Tablespoon,Teaspoon,19.5,0.9,3.6,0.9,0.0,$0.33,
,,,Corn Starch,1,Teaspoon,Cup,10.2,0.0,2.4,0.0,0.0,$0.01,
,,,"Spice, Onion Powder",1,Teaspoon,Teaspoon,8.2,0.0,1.9,0.3,0.0,$0.15,
,,,"Spice, Garlic Powder",1,Teaspoon,Teaspoon,32.0,0.1,7.0,1.6,0.0,$0.10,
,,,"Garlic, Clove",2,Whole,Whole,9.0,0.0,2.0,0.4,0.0,$0.20,
,,,"Cheese, Parmesan, grated",0.5,Cup,Milliliter,212.9,8.7,0.0,15.8,15.8,$0.71,
,,,"Oils, Olive",2,Tablespoon,Milliliter,238.6,27.6,0.0,0.0,0.0,$0.56,
,,,"Spice, Pepper",2,Teaspoon,Teaspoon,0.0,0.0,0.0,0.0,0.0,$0.22,
,,,"Spice, Rosemary",1,Tablespoon,Teaspoon,12.0,0.6,2.4,0.3,0.0,$0.48,
,,,,,,,,,,,,,
,,,,,,,,,,,,,
Snack,,Scotch Eggs,,4,Whole,,1736.3,85.2,148.0,90.3,3.8,$3.51,https://www.copymethat.com/r/KiLeg50Vx/scotch-eggs/
,,,"Egg, Raw",6,Whole,Whole,432.0,28.8,2.4,36.0,0.0,$0.72,
,,,"Wheat flour, all purpose",1,Cup,Milliliter,454.2,1.9,94.6,13.2,3.8,$0.13,
,,,"Break Crumbs, Panko, Volume",1,Cup,Cup,220.0,2.0,44.0,6.0,0.0,$0.54,
,,,"Sausage, Country Ground Style, Kroger",7,Ounce (wt),Ounce (wt),630.0,52.5,7.0,35.0,0.0,$2.10,
,,,"Spice, Salt",0.125,Teaspoon,Teaspoon,0.0,0.0,0.0,0.0,0.0,$0.00,
,,,"Spice, Pepper",0.125,Teaspoon,Teaspoon,0.0,0.0,0.0,0.0,0.0,$0.01,
,,,,,,,,,,,,,
,,,,,,,,,,,,,
Snack,,Croquette Mozzarella Sticks,,24,Whole,,2838.4,104.6,323.8,161.7,19.6,$3.68,https://www.copymethat.com/r/sWgcQyXkr/croquette-mozzarella-sticks-recipe-by-ta/
,,,"Potato, plain, raw",2,Pound,Gram,694.2,0.9,157.6,18.3,0.0,$1.36,
,,,"Garlic, Clove",2,Whole,Whole,9.0,0.0,2.0,0.4,0.0,$0.20,
,,,"Spice, Parsley",2,Tablespoon,Teaspoon,0.0,0.0,0.0,0.0,0.0,$0.24,
,,,"Cheese, Parmesan, grated",0.5,Cup,Milliliter,212.9,8.7,0.0,15.8,15.8,$0.71,
,,,"Egg, Raw",4,Whole,Whole,288.0,19.2,1.6,24.0,0.0,$0.48,
,,,"Spice, Salt",0.125,Teaspoon,Teaspoon,0.0,0.0,0.0,0.0,0.0,$0.00,
,,,"Spice, Pepper",0.125,Teaspoon,Teaspoon,0.0,0.0,0.0,0.0,0.0,$0.01,
,,,"Cheese, Mossarella, Sticks, Low-Moisture, Kroger",12,Whole,Whole,960.0,72.0,24.0,84.0,0.0,$0.00,
,,,"Wheat flour, all purpose",1,Cup,Milliliter,454.2,1.9,94.6,13.2,3.8,$0.13,
,,,"Break Crumbs, Panko, Volume",1,Cup,Cup,220.0,2.0,44.0,6.0,0.0,$0.54,
,,,,,,,,,,,,,
,,,,,,,,,,,,,
Snack,,Chicken Meatball Skewers,,6,Whole,,1365.3,52.4,79.4,106.5,0.4,$6.44,https://www.copymethat.com/r/AtLer48ZH/chicken-meatball-skewers-recipe-by-tasty/
,,,"Chicken, Breasts, Raw, Fat Removed",1,Pound,Gram,499.0,5.6,0.0,104.7,0.0,$3.49,
,,,"Onions, green (scallion), raw",1,Whole,1 medium,5.0,0.0,1.0,0.0,0.4,$0.07,
,,,"Ginger, Fresh",1,Tablespoon,Teaspoon,4.8,0.0,1.2,0.0,0.0,$0.06,
,,,"Oils, Sesame",1,Teaspoon,Milliliter,40.1,4.6,0.0,0.0,0.0,$0.11,
,,,"Oils, Canola",3,Tablespoon,Milliliter,369.7,41.4,0.0,0.0,0.0,$0.06,
,,,"Break Crumbs, Panko, Volume",0.25,Cup,Cup,55.0,0.5,11.0,1.5,0.0,$0.14,
,,,Sesame Seeds,0.125,Teaspoon,"Ounce, Fluid",3.3,0.3,0.2,0.1,0.0,$0.02,
,,,"Sauce, soy",1,Cup,Milliliter,110.4,0.0,15.8,0.0,0.0,$1.89,
,,,Rice Wine Vinegar,0.25,Cup,Tablespoon,10.8,0.0,0.0,0.0,0.0,$0.48,
,,,White sugar (granulated),0.25,Cup,Milliliter,189.3,0.0,47.3,0.0,0.0,$0.12,
,,,"Sake, Generic",0.25,Cup,"Ounce, Fluid",78.0,0.0,3.0,0.2,0.0,$0.00,
,,,,,,,,,,,,,
,,,,,,,,,,,,,
Any,,Garlic and Herb Roasted Carrots,,4,Whole,,456.3,27.7,52.0,8.9,12.0,$2.14,https://www.copymethat.com/r/i5mt7oPsb/garlic-and-herb-roasted-carrots/
,,,"Spice, Garlic Powder",0.5,Teaspoon,Teaspoon,16.0,0.1,3.5,0.8,0.0,$0.05,
,,,"Spice, Oregano",0.5,Teaspoon,Teaspoon,1.4,0.0,0.4,0.1,0.0,$0.18,
,,,"Spice, Dried Basil",0.5,Teaspoon,Teaspoon,0.0,0.0,0.0,0.0,0.0,$0.05,
,,,"Spice, Parsley",0.5,Teaspoon,Teaspoon,0.0,0.0,0.0,0.0,0.0,$0.02,
,,,"Spice, Thyme",0.5,Teaspoon,Teaspoon,0.4,0.0,0.1,0.0,0.0,$0.06,
,,,"Spice, Salt",0.5,Teaspoon,Teaspoon,0.0,0.0,0.0,0.0,0.0,$0.00,
,,,"Spice, Pepper",0.25,Teaspoon,Teaspoon,0.0,0.0,0.0,0.0,0.0,$0.03,
,,,"Carrots, raw",8,Whole,1 medium,200.0,0.0,48.0,8.0,12.0,$1.20,
,,,"Oils, Olive",2,Tablespoon,Milliliter,238.6,27.6,0.0,0.0,0.0,$0.56,
,,,,,,,,,,,,,
,,,,,,,,,,,,,
Any,,Baked Parmesan Zucchini Fries,,6,Whole,,637.9,17.8,89.6,35.7,7.3,$3.37,https://www.copymethat.com/r/dWEY7VQV0/baked-parmesan-zucchini-fries/
,,,"Wheat flour, all purpose",0.33,Cup,Milliliter,149.9,0.6,31.2,4.4,1.2,$0.04,
,,,"Spice, Garlic Powder",1,Teaspoon,Teaspoon,32.0,0.1,7.0,1.6,0.0,$0.10,
,,,"Spice, Salt",0.5,Teaspoon,Teaspoon,0.0,0.0,0.0,0.0,0.0,$0.00,
,,,"Egg, Raw",1,Whole,Whole,72.0,4.8,0.4,6.0,0.0,$0.12,
,,,"Break Crumbs, Panko, Volume",0.75,Cup,Cup,165.0,1.5,33.0,4.5,0.0,$0.41,
,,,"Cheese, Parmesan, Shredded",30,Gram,Gram,120.0,9.0,0.0,12.0,0.0,$0.42,
,,,"Spice, Pepper",0.25,Teaspoon,Teaspoon,0.0,0.0,0.0,0.0,0.0,$0.03,
,,,"Zucchini, Raw, Whole",3,Whole,Whole,99.0,1.8,18.0,7.2,6.0,$2.25,
,,,,,,,,,,,,,
,,,,,,,,,,,,,
Any,,Grilled Buffalo Chicken,,4,Whole,,1126.3,41.8,6.1,172.6,0.0,$8.16,https://www.copymethat.com/r/VCmLMYcVf/grilled-buffalo-chicken/
,,,"Spice, Onion Powder",0.5,Teaspoon,Teaspoon,4.1,0.0,1.0,0.2,0.0,$0.08,
,,,"Spice, Garlic Powder",0.5,Teaspoon,Teaspoon,16.0,0.1,3.5,0.8,0.0,$0.05,
,,,"Spice, Salt",0.5,Teaspoon,Teaspoon,0.0,0.0,0.0,0.0,0.0,$0.00,
,,,"Spice, Pepper",0.25,Teaspoon,Teaspoon,0.0,0.0,0.0,0.0,0.0,$0.03,
,,,"Oils, Olive",1,Tablespoon,Milliliter,119.3,13.8,0.0,0.0,0.0,$0.28,
,,,"Chicken, Breasts, Raw, Fat Removed",24,Ounce (wt),Gram,748.4,8.4,0.0,157.1,0.0,$5.24,
,,,"Sauce, Frank's RedHot, Original Cayenne Pepper",0.75,Cup,Teaspoon,0.0,0.0,0.0,0.0,0.0,$0.00,
,,,"Cheese, Blue, Volume",0.5,Cup,Cup,238.5,19.5,1.6,14.5,0.0,$2.49,